symbol,fullName,sector,ltp,point_change,percentage_change,volume,amount
ACLBSL,Aarambha Chautari Laghubitta Bittiya Sanstha Limited,Microfinance,917,-3,-0.33,393,362297.3
ADBL,Agriculture Development Bank,Banking,307.89,-0.91,-0.29,45973,14048884
ADBLD83,10.35% Agricultural Bank Debenture 2083,Bond,1023.6,-0.4,-0.04,0,25590
AHL,Asian Hydropower Limited,HydroPower,414,0.9,0.22,2712,1123234.5
AHPC,Arun Valley Hydropower Development,HydroPower,265.89,-2.11,-0.79,37465,9972580.9
AKJCL,Ankhu Khola Jalvidhyut Company Ltd.,HydroPower,362.1,-11.9,-3.18,322090,117990962.2
AKPL,Arun Kabeli Power Ltd.,HydroPower,256.6,-1.4,-0.54,40985,10556150.3
ALBSL,Asha Laghubitta Bittiya Sanstha Ltd,Microfinance,1091,6,0.55,3178,3448719.1
ALICL,Asian Life Insurance,Life Insurance,422,-2.8,-0.66,5448,2295260.7
ANLB,Aatmanirbhar Laghubitta Bittiya Sanstha Limited,Microfinance,5999,475,8.6,5041,27227028.2
APHL,Appolo Hydropower Limited,HydroPower,828,0,0,10060,8307687.1
API,Api Power,HydroPower,330,-1.9,-0.57,82236,27115455.4
AVYAN,Aviyan Laghubitta Bittiya Sanstha Limited,Microfinance,1053,11,1.06,6060,6436329
BANDIPUR,Bandipur Cablecar and Tourism Limited,Hotels And Tourism,692,-5,-0.72,34855,23910208.7
BARUN,Barun Hydropower,HydroPower,321.2,-1.5,-0.46,16558,5305442.8
BBC,Bishal Bazar,Trading,4289,11,0.26,100,423675
BEDC,Bhugol Energy Development Company Limited,HydroPower,323,1,0.31,14378,4631334.4
BFC,Best Finance,Finance,494,-8,-1.59,30161,14999370.5
BGWT,Bhagawati Hydropower Development Company Limited,HydroPower,556,-1,-0.18,501,275075.3
BHCL,Bikash Hydropower Company Limited,HydroPower,489,-5,-1.01,16680,8178281.7
BHDC,Bindhyabasini Hydropower Development Company Limited,HydroPower,426,-3.5,-0.81,8716,3716621.2
BHL,Balephi Hydropower Limited,HydroPower,208.9,-1.1,-0.52,44962,9394674.9
BHPL,Barahi Hydropower Public Limited,HydroPower,497,-2,-0.4,7298,3533740.7
BJHL,Bhujung Hydropower Limited,HydroPower,694,-10,-1.42,4666,3212152
BNHC,Buddha Bhumi Nepal Hydropower Company Limited,HydroPower,286.2,-4.8,-1.65,28624,8228945.6
BNT,Bottlers Nepal (Terai),Manu.& Pro.,11645,35,0.3,10,116450
BOKD86KA,"BOK Debenture 2086 ""KA""",Bond,1111.09,-34.31,-3,0,55555
BPCL,Butwal Power,HydroPower,650,-3,-0.46,3243,2102030.8
BUNGAL,Bungal Hydro Limited ,HydroPower,584.79,-0.31,-0.05,12856,7515067.7
CBBL,Chhimek Laghubitta Bikas Bank,Microfinance,929,-0.9,-0.1,7453,6907791.4
CBLD88,Civil Bank Debenture 2088,Bond,1230,80,6.96,0,9337832
CFCL,Central Finance,Finance,660,-15,-2.22,45130,29938889.5
CGH,Chandragiri Hills Limited,Hotels And Tourism,785.1,6.8,0.87,60218,47329922.3
CHCL,Chilime Hydropower,HydroPower,486,-6,-1.22,6116,2975507.1
CHDC,CEDB Holdings Limited,Investment,2200,-18,-0.81,7774,17093156.2
CHL,Chhyangdi Hydropower Ltd.,HydroPower,268,-2,-0.74,23013,6108697.9
CIT,Citizen Investment Trust,Investment,1709.9,-0.1,-0.01,5291,9005384.5
CITY,City Hotel Limited,Hotels And Tourism,371,-3,-0.8,100371,37291700.9
CKHL,Chirkhwa Hydropower Limited,HydroPower,584,5.8,1,672,387659.7
CLI,Citizen Life Insurance Company Limited,Life Insurance,443.9,3.8,0.86,18558,8136898.3
CORBL,Corporate Development Bank,Development Bank,1065,40,3.9,28501,29682286.8
CREST,Crest Micro Life Insurance Limited,Life Insurance,1189,-5,-0.42,6706,7882424.9
CSY,Citizens Santulit Yojana,Mutual Fund,8.85,-0.17,-1.88,0,266010.99
CYCL,CYC Nepal Laghubitta Bittiya Sanstha Limited,Microfinance,1280,-10,-0.78,1208,1542565.8
CZBIL,Citizen Bank International,Banking,202,0,0,26917,5437544
CZBILP,Citizen Bank International Promoter,Banking,100,0,0,722042,72204200
DDBL,Deprosc Laghubitta,Microfinance,829,-6,-0.72,3294,2733096.7
DHEL,Daramkhola Hydro Energy Limited,HydroPower,584.9,8.9,1.55,19481,11167965.5
DHPL,Dibyashwori Hydropower Ltd.,HydroPower,290,-3,-1.02,1477,426273
DLBS,Dhaulagiri Laghubitta Bittiya Sanstha Limited,Microfinance,1165,-17.09,-1.45,223,247364.5
DOLTI,Dolti Power Company Limited,HydroPower,320,0,0,6821,2177872.4
DORDI,Dordi Khola Jal Bidyut Company Limited,HydroPower,247,-7,-2.76,28902,7239081.5
EBL,Everest Bank,Banking,723,-2,-0.28,23131,16717634.5
EBLD85,10.50% Everest Bank Limited Debenture 2085,Bond,1060,-53.4,-4.8,0,0
ECL,Everest Colour Limited,Manu.& Pro.,1665,53,3.29,31215,51621623.5
EDBL,Excel Development Bank,Development Bank,584,-3.9,-0.66,1460,846220
EHPL,Eastern Hydropower Limited,HydroPower,344,0,0,5513,1881032.1
ENL,Emerging Nepal Limited,Investment,799.9,8.9,1.13,160,127007
FMDBL,First Micro Finance Development Bank,Microfinance,781,23,3.03,49122,38235892.6
FOWAD,Forward Community Microfinance Bittiya Sanstha Ltd.,Microfinance,930,2.9,0.31,3506,3254846
GBBL,Garima Bikas Bank,Development Bank,419,-2,-0.48,23774,9971506.6
GBIME,Global Ime Bank,Banking,251,-1.3,-0.52,157185,39470984
GBIMESY2,Global IME Sammunat Yojana -2 ,Mutual Fund,9.11,-0.08,-0.87,0,72841
GBLBS,Grameen Bikas Laghubitta,Microfinance,738,1,0.14,1327,973686.7
GCIL,Ghorahi Cement Industry Limited,Manu.& Pro.,345,-5,-1.43,13380,4640093.9
GFCL,Goodwill Finance,Finance,605,2,0.33,5011,3023600
GHL,Ghalemdi Hydro Limited,HydroPower,228,-0.5,-0.22,48820,11167293
GIBF1,Global IME Balanced Fund-1,Mutual Fund,10.75,-0.23,-2.09,0,22545
GILB,Global IME Laghubitta Bittiya Sanstha ,Microfinance,1070,-20,-1.83,498,533668.4
GLBSL,Gurans Laghubitta Bittiya Sanstha ,Microfinance,1795.9,-5.1,-0.28,279,461978
GLH,GreenLife Hydropower Limited,HydroPower,256.89,-0.5,-0.19,15144,3876759.2
GMFBS,Ganapati Microfinance Bittiya Sanstha ,Microfinance,1154,-29.09,-2.46,1933,2275696.2
GMFIL,Guheshowori Merchant Bank & Finance,Finance,456.3,1,0.22,5395,2469656.3
GMLI,Guardian Micro Life Insurance Limited,Life Insurance,1105,1,0.09,2767,3042106
GRDBL,Green Development Bank Ltd.,Development Bank,1049,1.2,0.11,9453,9883100.6
GSY,Garima Samriddhi Yojana,Mutual Fund,9.52,0.01,0.11,0,547517
GUFL,Gurkhas Finance Ltd.,Finance,569.9,-6,-1.04,10774,6149992.9
GVL,Green Ventures Limited,HydroPower,482,1.8,0.37,6322,3034944.9
H8020,Himalayan 80-20,Mutual Fund,12.2,0,0,0,46781
HATHY,Hathway Investment Nepal Limited,Investment,693,7.1,1.04,4014,2749312.8
HBL,Himalayan Bank,Banking,194.8,-0.1,-0.05,33399,6493555.1
HDHPC,Himal Dolakha Hydropower Company Limited,HydroPower,208,-1.9,-0.91,71273,14889405.5
HDL,Himalayan Distillery,Manu.& Pro.,1167,0,0,12427,14456522.4
HEI,Himalayan Everest Insurance Limited,Non Life Insurance,534,-3,-0.56,2186,1171422
HEIP,Himalayan Everest Insurance Limited Promoter,Non Life Insurance,332,-5.5,-1.63,3160,1067818
HFIN,Hotel Forest Inn Limited,Hotels And Tourism,699,-10,-1.41,21761,15240708
HHL,Himalayan Hydropower Limited,HydroPower,337,0.6,0.18,8753,2938347.6
HIDCL,Hydroelectricity Investment and Development Company,Investment,254,-0.6,-0.24,20564,5211326.4
HIDCLP,Hydorelectricity Investment and Development Company Limited Promoter,Investment,187.5,-2.4,-1.26,54196,10179779.7
HIMSTAR,Him Star Urja Company Limited,HydroPower,696,-12,-1.69,4565,3184631.7
HLBSL,Himalayan Laghubitta Bittiya Sanstha Limited,Microfinance,870,-10,-1.14,217,185359
HLI,Himalayan Life Insurance Limited,Life Insurance,319.7,-0.19,-0.06,14437,4581196.2
HLICF,HLI Large Cap Fund,Mutual Fund,8.94,0.44,5.18,0,25359
HPPL,Himalayan Power Partner Ltd.,HydroPower,380,-8,-2.06,165076,62405055.3
HRL,Himalayan Reinsurance Limited,Others,583,-1,-0.17,32994,19282769.7
HURJA,Himalaya Urja Bikas Company Limited,HydroPower,238,-1.1,-0.46,29557,7041313
ICFC,ICFC Finance,Finance,603,-2,-0.33,7627,4584099.1
ICFCD89,8% ICFC Finance Limited Debenture 2089,Bond,1092,2,0.18,0,241585
IGI,IGI Prudential insurance Limited,Non Life Insurance,430,1,0.23,7761,3328046.3
IHL,Ingwa Hydropower Limited,HydroPower,346,-2,-0.57,4109,1425908.1
ILBS,Infinity Laghubitta Bittiya Sanstha Limited,Microfinance,876.9,-2.1,-0.24,1049,878924.8
ILI,IME Life Insurance Company Limited,Life Insurance,412.4,1.2,0.29,5178,2122595.1
JBBL,Jyoti Bikas Bank,Development Bank,340,-3,-0.87,31771,10821686.7
JBLB,Jeevan Bikas Laghubitta Bittya Sanstha Ltd,Microfinance,1260.8,0.8,0.06,2340,2927009.2
JFL,Janaki Finance,Finance,384.5,-6.5,-1.66,6409,2458137.6
JHAPA,Jhapa Energy Limited,HydroPower,1090,-8,-0.73,4949,5315486.2
JOSHI,Joshi Hydropower Development Company Ltd,HydroPower,283,-1,-0.35,73222,20714733.4
JSLBB,Janautthan Samudayic Laghubitta Bikas Bank,Microfinance,980,-10,-1.01,200,196000
KAHL,Kalanga Hydro Limited ,HydroPower,542.2,-12.3,-2.22,31077,16850616
KBL,Kumari Bank,Banking,215,-1,-0.46,187087,40294518
KBLD89,11% KBL Debenture 2089,Bond,1275,0,0,0,1540500
KBSH,Kutheli Bukhari Small Hydropower Limited,HydroPower,980,10,1.03,22696,22006327.7
KDBY,Kumari Dhanabriddhi Yojana,Mutual Fund,11.09,-0.02,-0.18,0,322792.5
KDL,Kalinchowk Darshan Limited,Hotels And Tourism,774,-6,-0.77,567,439837.9
KEF,Kumari Equity Fund,Mutual Fund,10.5,0,0,0,1362118
KHPL,Kalinchock Hydropower Limited ,HydroPower,816,-2,-0.24,6987,5672298.9
KKHC,Khanikhola Hydropower Co. Ltd.,HydroPower,323,3,0.94,425658,136139100.9
KMCDB,Kalika Laghubitta Bittiya Sanstha,Microfinance,777,16.8,2.21,5331,4124932.5
KPCL,Kalika Power Company,HydroPower,468,-0.1,-0.02,3501,1636541.3
KSBBL,Kamana Sewa Bikas Bank Limited,Development Bank,473.6,1.6,0.34,14143,6656020.3
KSY,Kumari Sabal Yojana,Mutual Fund,9.52,0.02,0.21,0,409345.6
LBBL,Lumbini Bikas Bank Ltd.,Development Bank,491.9,0.9,0.18,27592,13491847.4
LBBLD89,11% L.B.B.L. Debenture 2089,Bond,1260,8.6,0.69,0,63000
LEC,Liberty Energy Company Limited,HydroPower,221.2,-2.8,-1.25,76335,16924100.1
LICN,Life Insurance Nepal,Life Insurance,774.9,-1.1,-0.14,1328,1031168.5
LLBS,Laxmi Laghubitta Bittiya Sanstha,Microfinance,885,-9.8,-1.1,155,135058
LSH12,LS Horizon 12,Mutual Fund,9.19,-0.16,-1.71,0,53754
LSL,Laxmi Sunrise Bank Limited,Banking,220.2,-2.6,-1.17,58669,12907146.9
LUK,Laxmi Unnati Kosh,Mutual Fund,10.69,-0.01,-0.09,0,13897
LVF2,Laxmi Value Fund 2,Mutual Fund,9.06,-0.24,-2.58,0,47910
MABEL,Mabilung Energy Limited,HydroPower,593,-2.6,-0.44,3650,2160857
MAKAR,Makar Jitumaya Suri Hydropower Limited,HydroPower,429.8,-5.2,-1.2,31056,13388551.3
MANDU,Mandu Hydropower Limited,HydroPower,798,-8,-0.99,5828,4673778.4
MATRI,Matribhumi Lagubitta Bittiya Sanstha Limited,Microfinance,811,-1.2,-0.15,488,397224
MBJC,Madhya Bhotekoshi Jalavidyut Company Limited,HydroPower,267,-0.39,-0.15,4538,1210021.8
MBL,Machhapuchhre Bank,Banking,255,2,0.79,87239,22116749.2
MBLEF,MBL Equity Fund,Mutual Fund,10.28,0,0,0,7792735.49
MCHL,Menchhiyam Hydropower Limited,HydroPower,282,1.9,0.68,4818,1339616.8
MDB,Miteri Development Bank,Development Bank,578.2,0.2,0.03,3256,1888235.8
MEHL,Manakamana Engineering Hydropower Limited,HydroPower,296,-1,-0.34,3838,1129609
MEL,Modi Energy Limited,HydroPower,214.9,0.3,0.14,17055,3640337.1
MEN,Mountain Energy Nepal Limited,HydroPower,595.1,-5,-0.83,43063,25733555
MERO,Mero Microfinance Bittiya Sanstha Ltd.,Microfinance,661.2,-4.8,-0.72,2700,1804785.9
MFIL,Manjushree Financial Institution,Finance,775,-10,-1.27,16576,12723086.4
MHCL,Molung Hydropower Company Limited,HydroPower,308,-4.1,-1.31,4148,1290077
MHL,Mandakini Hydropower Limited,HydroPower,470,1.5,0.32,3960,1848409.8
MHNL,Mountain Hydro Nepal Limited,HydroPower,242,2.1,0.88,3176,762937.5
MKCL,Muktinath Krishi Company Limited,Others,1075,13,1.22,2299,2431546.2
MKHC,Maya Khola Hydropower Company Limited,HydroPower,280,-5.8,-2.03,356138,96142125.3
MKHL,Mai Khola Hydropower Limited,HydroPower,494.9,-0.4,-0.08,829,406349.9
MKJC,Mailung Khola Jal Vidhyut Company Limited,HydroPower,453,-4,-0.88,6876,3119555
MLBBL,Mithila Laghubitta Bikas Bank,Microfinance,1119,-2,-0.18,306,336748
MLBL,Mahalaxmi Bikas Bank Limited,Development Bank,350.9,-3.4,-0.96,19251,6754714.9
MLBS,Manushi Laghubitta Bittiya Sanstha Limited,Microfinance,1152.5,33.5,2.99,158,177945
MLBSL,Mahila Lagubitta Bittiya Sanstha Limited,Microfinance,1620,20,1.25,445,690870
MMF1,Mega Mutual Fund -1,Mutual Fund,8.88,0.13,1.49,0,133800.8
MMKJL,Mathillo Mailun Khola Jalvidhyut Limited,HydroPower,454.9,-3.1,-0.68,6085,2727626.3
MNBBL,Muktinath Bikas Bank,Development Bank,366.3,-3.2,-0.87,17348,6371652.3
MNMF1,Muktinath Mutual Fund 1,Mutual Fund,9.8,0.2,2.08,0,132704
MPFL,Multipurpose Finance,Finance,613,2,0.33,7828,4745459
MSHL,Mid Solu Hydropower Limited,HydroPower,608,-1,-0.16,1103,672868.5
MSLB,Mahuli Samudayik Laghubitta Sanstha Ltd.,Microfinance,1258,3,0.24,909,1133658.8
NABBC,Narayani Development Bank,Development Bank,825.4,-17.6,-2.09,13163,10947575.9
NABIL,Nabil Bank,Banking,556,4,0.72,83780,46536333.2
NABILD2089,7% Nabil Debenture 2089,Bond,1040,0,0,0,26000
NADEP,Nadep Laghubitta Bittiya Sanstha Ltd.,Microfinance,729,-1,-0.14,570,404916
NBF2,Nabil Balanced Fund 2,Mutual Fund,10.1,0.2,2.02,0,22969
NBF3,Nabil Balanced Fund-3,Mutual Fund,9.55,0.04,0.42,0,45894.7
NBL,Nepal Bank,Banking,269.89,0.89,0.33,72438,19309018.4
NESDO,NESDO Sambridha Laghubitta Bittiye Sanstha Limited,Microfinance,1458,-11,-0.75,774,1124410
NFS,Nepal Finance,Finance,567.4,-0.6,-0.11,1379,778528.4
NGPL,Ngadi Group Power Ltd.,HydroPower,408.7,-4.1,-0.99,74059,30369251.5
NHDL,Nepal Hydro Developers Ltd.,HydroPower,640,-1,-0.16,3032,1920693.5
NHPC,National Hydro Power,HydroPower,273,-4.1,-1.48,191698,52412193.6
NIBLSTF,NIBL Stable Fund,Mutual Fund,8.78,0,0,0,58714
NIBSF2,NIBL Samriddhi Fund -2,Mutual Fund,8.76,-0.24,-2.67,0,5248
NICA,NIC Asia Bank,Banking,326,-1.9,-0.58,43627,14194466.7
NICBF,NIC Asia Balanced Fund,Mutual Fund,9.57,0.47,5.16,0,11410
NICFC,NIC Asia Flexi CAP Fund,Mutual Fund,9.36,0.23,2.52,0,44726
NICGF2,NIC ASIA Growth Fund-2,Mutual Fund,9.18,0,0,0,9195.8
NICL,Nepal Insurance,Non Life Insurance,499,-1,-0.2,10404,5237023.3
NICLBSL,NIC ASIA Laghubitta Bittiya Sanstha Limited,Microfinance,547,-2,-0.36,7143,3906603.8
NICSF,NIC Asia Select Fund 30,Mutual Fund,8.9,0.34,3.97,0,59265
NIFRA,Nepal Infrastructure Bank Limited,Investment,245.1,-0.9,-0.37,40495,9944689.1
NIFRAGED,Nifra Green Energy Debenture 6% - 2088/89,Bond,1030,2,0.19,0,1662185
NIL,Neco Insurance,Non Life Insurance,615.9,0.8,0.13,8458,5175827.7
NIMB,Nepal Investment Bank,Banking,195,-0.9,-0.46,75911,14749305.1
NIMBPO,Nepal Investment Mega Bank Promoter,Banking,145,3,2.11,27255,3977817.5
NLG,Nlg Insurance,Non Life Insurance,570,3,0.53,1670,940111.1
NLIC,Nepal Life Insurance,Life Insurance,739.8,-4,-0.54,18768,13856715.7
NLICL,National Life Insurance,Life Insurance,562,-8,-1.4,16965,9595491.2
NMB,NMB Bank,Banking,243.1,-0.8,-0.33,49980,12152170.1
NMB50,NMB 50,Mutual Fund,10.38,-0.22,-2.08,0,76275.54
NMBHF2,NMB Hybrid Fund L- II,Mutual Fund,9.69,0.09,0.94,0,156413
NMBMF,NMB Microfinance,Microfinance,616,1.3,0.21,707,423911.5
NMFBS,National Microfinance Bittiya Sanstha Ltd.,Microfinance,1101.4,-3.6,-0.33,7110,7838412.6
NMIC,Nepal Micro Insurance Company Limited,Non Life Insurance,910,-3,-0.33,1872,1699569.2
NMLBBL,Nerude Mirmire Laghubitta Bittiya Sanstha Limited,Microfinance,515.1,-0.9,-0.17,6361,3263431.2
NRIC,Nepal Reinsurance Company Limited,Others,932,-6.9,-0.73,7177,6688884.1
NRM,Nepal Republic Media Limited,Others,305.1,-5.4,-1.74,4650,1432440.1
NRN,NRN Infrastructure and Development Limited,Investment,1371,-16,-1.15,51374,70592764.8
NSIF2,NMB Sulav Investment Fund - 2,Mutual Fund,10.8,0.12,1.12,0,525765
NSY,Nepal Life Samriddhi Lagani Yojana,Mutual Fund,9.19,0,0,0,213571
NTC,Nepal Doorsanchar Company,Others,863.9,1.9,0.22,8319,7195105.2
NUBL,Nirdhan Utthan Bank,Microfinance,605.4,-7.6,-1.24,2996,1814556.8
NWCL,Nepal Warehousing Company Limited,Others,688,-8.9,-1.28,4545,3103931.4
NYADI,Nyadi Hydropower Limited,HydroPower,370,-2.2,-0.59,5382,1972606
OHL,Oriental Hotels,Hotels And Tourism,665,-5,-0.75,2378,1562800
OMPL,Om Megashree Pharmaceuticals Limited,Manu.& Pro.,893,-12,-1.33,4184,3750980.5
PBD84,10.15% Prime Debenture 2084,Bond,1069,-33,-2.99,0,26725
PCBL,Prime Commercial Bank,Banking,240,-0.1,-0.04,41391,9925898.8
PCIL,Palpa Cement Industries Limited,Manu.& Pro.,622.29,-12.71,-2,23281,14498135.71
PHCL,Peoples Hydropower Company Limited,HydroPower,296,-1.5,-0.5,27204,8041596.5
PMHPL,Panchakanya Mai Hydropower,HydroPower,318,-1,-0.31,6014,1891035
PMLI,Prabhu Mahalaxmi Life Insurance Limited,Life Insurance,437.5,-1.2,-0.27,1893,810918.9
PPCL,Panchthar Power Company Ltd.,HydroPower,338.9,-1.1,-0.32,4212,1419489.7
PPL,Peoples Power Limited,HydroPower,328.4,-1.6,-0.48,9314,3034464.1
PRIN,Prabhu Insurance,Non Life Insurance,666,-4.5,-0.67,3998,2662571.6
PROFL,Progressive Finance,Finance,420,-3.1,-0.73,13809,5790234.3
PRSF,Prabhu Smart Fund,Mutual Fund,12.91,0.02,0.16,0,121324
PRVU,Prabhu Bank,Banking,191,-1.3,-0.68,132896,25352795.1
PSF,Prabhu Select Fund,Mutual Fund,12,0.2,1.69,0,45231
PURE,Pure Energy Limited,Others,820,-5.5,-0.67,20112,16735279.1
RADHI,Radhi Bidhyut Company,HydroPower,711,-4,-0.56,64637,45724012
RAWA,Rawa Energy Development Limited,HydroPower,420,-5.9,-1.39,14270,5996371.6
RBBF40,RBB Focus 40,Mutual Fund,9.01,-0.02,-0.22,0,17817.52
RBCL,Rastriya Beema,Non Life Insurance,14210,-90,-0.63,40,565300
RFPL,River Falls Power Limited,HydroPower,334.7,1.5,0.45,15251,5076626.3
RHGCL,Rapti Hydro And General Construction Limited,HydroPower,258.1,-2.9,-1.11,12524,3236443.7
RHPL,Rasuwagadhi Hydropower Company Limited,HydroPower,259,2.5,0.97,4000,1025084.5
RIDI,Ridi Power Company Limited,HydroPower,375,-9.9,-2.57,606959,230190274.7
RLEL,Ridge Line Energy Limited,HydroPower,890,4,0.45,4579,4033317.8
RLFL,Reliance Finance,Finance,452.6,-4.4,-0.96,10292,4686143.8
RMF1,RBB Mutual Fund 1,Mutual Fund,9.67,-0.01,-0.1,0,175255.5
RMF2,RBB Mutual Fund 2,Mutual Fund,9.78,-0.07,-0.71,0,2928
RNLI,Reliable Nepal Life Insurance Limited,Life Insurance,431.7,-0.8,-0.18,8967,3833860.1
RSDC,RSDC Laghubitta Bittiya Sanstha Ltd.,Microfinance,638,3,0.47,2369,1497444.2
RSML,Reliance Spinning Mills Limited,Manu.& Pro.,2620,78.4,3.08,27037,70153349
RSY,Reliable Samriddhi Yojana ,Mutual Fund,10.26,0.01,0.1,0,55042
RURU,Ru Ru Jalbidhyut Pariyojana Limited,HydroPower,614,1.9,0.31,10900,6807373.6
SABBL,Salapa Bikas Bank Limited,Development Bank,979,-6,-0.61,24385,23721888.2
SADBL,Shangrila Development Bank,Development Bank,408.4,-0.6,-0.15,3960,1621793.9
SAEF2,Sanima Equity Fund-2,Mutual Fund,9.5,0,0,0,119230
SAGAR,Sagar Distillery Limited,Manu.& Pro.,1750,0,0,4058,7013258.2
SAGF,Sanima Growth Fund,Mutual Fund,10.26,-0.31,-2.93,0,1026
SAHAS,Sahas Urja Limited,HydroPower,671.9,-0.1,-0.01,46722,31324141.3
SAIL,Shreenagar Agritech Industries Limited,Manu.& Pro.,1090,-9,-0.82,28817,31269895.2
SALICO,Sagarmatha Lumbini Insurance Co. Limited,Non Life Insurance,589,3,0.51,4215,2487300.8
SANIMA,Sanima Bank,Banking,370,-3.7,-0.99,461280,170879913.2
SANVI,Sanvi Energy Limited,HydroPower,590,-7,-1.17,10045,5928939.3
SAPDBL,Saptakoshi Development Bank Ltd,Development Bank,839.9,22.9,2.8,24319,20108305
SARBTM,Sarbottam Cement Limited,Manu.& Pro.,785,2,0.26,2373,1860862.2
SBCF,Sunrise Bluechip Fund,Mutual Fund,9.44,-0.06,-0.63,0,102440
SBI,Nepal Sbi Bank,Banking,405.9,-0.5,-0.12,10867,4388143.8
SBID83,10.25% Nepal SBI Bank Debenture 2083,Bond,1031,-9,-0.87,0,103101.5
SBL,Siddhartha Bank,Banking,410,-1,-0.24,86200,35293380.6
SCB,Standard Chartered Bank,Banking,648,-6,-0.92,8192,5314880.7
SEF,Siddhartha Equity Fund,Mutual Fund,9.91,0.1,1.02,0,13754.1
SEF2,Siddhartha Equity Fund 2,Mutual Fund,9.15,-0.01,-0.11,0,356587.36
SFEF,Sunrise Focused Equity Fund,Mutual Fund,9.98,0.13,1.32,0,337280
SFMF,Sunrise First Mutual Fund,Mutual Fund,10.19,0,0,0,14892
SGHC,Swet-Ganga Hydropower & Construction Limited,HydroPower,315.3,-3.2,-1,38765,12288411.4
SGHL,Sanigad Hydro Limited,HydroPower,518,-7.6,-1.45,50921,26561662.2
SGIC,Sanima GIC Insurance Limited,Non Life Insurance,452,-4.3,-0.94,10822,4913874.1
SHEL,Singati Hydro Energy Limited,HydroPower,307,0.11,0.04,47541,14472712.5
SHINE,Shine Resunga Development Bank,Development Bank,407.2,-1,-0.24,7440,3038684.5
SHINED,Shine Resunga Debenture,Bond,1095,11,1.01,0,54750
SHIVM,Shivam Cements Ltd,Manu.& Pro.,637.7,-7.3,-1.13,44267,28343073.8
SHL,Soaltee Hotel,Hotels And Tourism,499.1,0.5,0.1,16785,8387335
SHLB,Shrijanshil Laghubitta Bittiya Sanstha Limited,Microfinance,1475,-1.9,-0.13,108,156700
SHPC,Sanima Mai Hydropower,HydroPower,498.5,-1.4,-0.28,12536,6248058.9
SICL,Shikhar Insurance,Non Life Insurance,609.1,-7.8,-1.26,10149,6192593.7
SIFC,Shree Investment Finance,Finance,505.5,-4.5,-0.88,7215,3657912.9
SIGS3,Siddhartha Investment Growth Scheme 3,Mutual Fund,10.55,0.05,0.48,0,5624.5
SIKLES,Sikles Hydropower Limited,HydroPower,559,-1,-0.18,5586,3114256.7
SINDU,Sindhu Bikash Bank,Development Bank,691,-9,-1.29,9207,6357619.8
SIPD,Shikhar Power Development Limited,HydroPower,680,-10,-1.45,15418,10333131.9
SJCL,Sanjen Jalavidhyut Company Limited,HydroPower,273.5,1,0.37,6788,1844106.5
SJLIC,SuryaJyoti Life Insurance Company Limited,Life Insurance,412.6,-1.6,-0.39,6494,2678825
SKBBL,Sana Kisan Bikas Bank,Microfinance,749.9,-0.6,-0.08,5056,3780637.5
SKHEL,Suryakunda Hydro Electric Limited,HydroPower,990,1,0.1,1482,1445286.7
SKHL,Super Khudi Hydropower Limited,HydroPower,890,0,0,7040,6203718.5
SLBBL,Swarojgar Laghu Bitta Bikas Bank,Microfinance,802,3.7,0.46,1646,1304204.1
SLBSL,Samudayik Laghubitta Bittiya Sanstha Limited,Microfinance,982.1,-17,-1.7,1298,1275916
SLCF,Sanima Large Cap Fund,Mutual Fund,9.52,0.03,0.32,0,3067
SMATA,Samata Gharelu Laghubitta Bittiya Sanstha Limited,Microfinance,728,-4,-0.55,1029,743212.9
SMB,Support Microfinance Bittiya Sanstha Ltd.,Microfinance,1820,20,1.11,889,1602130.3
SMFBS,Swabhimaan Laghubitta Bittiya Sanstha Ltd,Microfinance,1493.1,-31.9,-2.09,374,561692.8
SMH,Super Mai Hydropower Limited,HydroPower,506,-3,-0.59,6919,3507837.7
SMHL,Super Madi Hydropower Limited,HydroPower,494,0.9,0.18,19476,9614886.5
SMJC,Sagarmatha Jalabidhyut Company Limited,HydroPower,458,8.1,1.8,212329,97732745.2
SMPDA,Sampada Laghubitta Bittiya Sanstha Limited,Microfinance,745,-5,-0.67,564,417641.6
SNLI,Sun Nepal Life Insurance Company Limited,Life Insurance,414,-1.3,-0.31,11773,4822039.5
SNORL,Snow Rivers Limited,HydroPower,906,24.4,2.77,22802,20622057.1
SOHL,Solu Hydropower Limited,HydroPower,688,26,3.93,578177,392552704
SONA,Sonapur Minerals And Oil Limited,Manu.& Pro.,408,5,1.24,23274,9427349.6
SOPL,Sopan Pharmaceuticals Limited,Manu.& Pro.,792,-8,-1,33277,26505605.8
SPC,Samling Power Company Limited,HydroPower,419,-1,-0.24,3743,1558104.9
SPDL,Synergy Power Development Ltd.,HydroPower,368,5.6,1.55,27048,9864683.5
SPHL,Sayapatri Hydropower Limited,HydroPower,524,4,0.77,8181,4275110
SPIL,Siddhartha Premier Insurance Limited,Non Life Insurance,690,3,0.44,7183,4931872.1
SPL,Shuvam Power Limited,HydroPower,652,-11,-1.66,2378,1538337.5
SRLI,Sanima Reliance Life Insurance Limited,Life Insurance,374,-1,-0.27,17635,6543207
SSHL,Shiva Shree Hydropower Ltd,HydroPower,200.3,-2.2,-1.09,78553,15806982.1
STC,Salt Trading Corporation,Trading,5180,-20,-0.38,515,2639751
SWASTIK,Swastik Laghubitta Bittiya Sanstha Limited,Microfinance,2040,15,0.74,441,889079
SWBBL,Swabalamban Bikas Bank,Microfinance,665,-8,-1.19,4356,2899962.6
SWMF,Suryodaya Womi Laghubitta Bittiya Sanstha Limited,Microfinance,619,9,1.48,7161,4310848.9
SYPNL,SY Panel Nepal Limited,Manu.& Pro.,1284,4,0.31,22646,28983016.5
TAMOR,Sanima Middle Tamor Hydropower Limited,HydroPower,445.1,-4.9,-1.09,9540,4254974.1
TPC,Terhathum Power Company Limited,HydroPower,359.5,-0.8,-0.22,10040,3619427.6
TPKHL,Taksar Pikhuwa Khola Hydropower Limited ,HydroPower,554,2,0.36,37966,21082316.1
TRH,Taragaon Regency Hotel,Hotels And Tourism,790,-2,-0.25,2221,1764356
TSHL,Three Star Hydropower Limited,HydroPower,369.9,-2.3,-0.62,6016,2220987
TTL,Trade Tower Limited,Others,710,-6.1,-0.85,16478,11704062.4
TVCL,Trishuli Jal Vidhyut Company Limited,HydroPower,482,6.9,1.45,2631,1259567
UAIL,United Ajod Insurance Limited,Non Life Insurance,440.7,-0.7,-0.16,14840,6502542.3
UHEWA,Upper Hewakhola Hydropower Company Limited,HydroPower,582,10.21,1.79,27628,15948963.7
ULBSL,Upakar Laghubitta Bittiya Sanstha Limited,Microfinance,2738,37.5,1.39,586,1550441
ULHC,Upper Lohore Khola Hydropower Company Limited,HydroPower,379,-28.2,-6.93,124394,45175849.9
UMHL,United Modi Hydropower,HydroPower,583,0.9,0.15,28870,16773939.7
UMRH,United IDI Mardi RB Hydropower Limited,HydroPower,526.1,-9,-1.68,3386,1791298.8
UNHPL,Union Hydropower Limited,HydroPower,375,-4,-1.06,7991,3008338.7
UNL,Unilever Nepal,Manu.& Pro.,48500,500,1.04,13,630500
UNLB,Unique Nepal Laghubitta Bittiya Sanstha Limited,Microfinance,1275.9,18,1.43,658,832368.5
UPCL,Universal Power Company Ltd,HydroPower,350,-1,-0.28,17545,6121005.4
UPPER,Upper Tamakoshi Hydropower Ltd,HydroPower,192,-2.1,-1.08,96273,18527402.1
USHEC,Upper Solu Hydro Electric Company Limited,HydroPower,497,0.9,0.18,6636,3309562.8
USHL,Upper Syange Hydropower Limited,HydroPower,538.9,-0.1,-0.02,1505,796946.2
USLB,Unnati Sahakarya Laghubitta Bittiya Sanstha Limited,Microfinance,1125,-13.7,-1.2,1018,1133884.3
VLBS,Vijaya Laghubitta Bittiya Sanstha,Microfinance,666,1,0.15,1433,946389.7
VLUCL,Vision Lumbini Urja Company Limited,HydroPower,420,1,0.24,5158,2136214.5
WNLB,Wean Nepal Laghubitta Bittiya Sanstha Limited,Microfinance,1351,16,1.2,166,223588
YMHL,Yambaling Hydropower Limited,HydroPower,621.79,-17.91,-2.8,26605,16603340
